{
  "alpha_threshold": 128,
  "comparison_root": "/content/qwen_layered_lora_bghairface_5k_default_call_32_compare",
  "created_at_utc": "2026-05-01T20:08:46.745920+00:00",
  "eval_root": "/content/processed_celebmaskhq_bghairface_5k_test_eval_32",
  "expected_layer_names": [
    "BG",
    "HAIR",
    "FACE"
  ],
  "output_root": "/content/qwen_layered_lora_bghairface_5k_default_call_32_metrics",
  "outputs": {
    "per_sample_layer_csv": "metrics_per_sample_layer.csv",
    "summary_by_variant_csv": "metrics_summary_by_variant.csv",
    "summary_json": "metrics_summary.json"
  },
  "per_layer_row_count": 192,
  "sample_dir_count": 64,
  "summary_by_variant": [
    {
      "bg_alpha_mae": 0.6760386293753982,
      "bg_coverage_ratio": 3.878907020617037,
      "bg_dice": 0.47361459594648586,
      "bg_iou": 0.3229416781884361,
      "bg_pred_coverage": 0.991446533203125,
      "bg_soft_iou": 0.32271029886692093,
      "bg_target_coverage": 0.32813285827636723,
      "checkpoint_name": null,
      "composite_rgb_mae": 0.014108442061115056,
      "composite_rgb_psnr": 34.150761804703095,
      "empty_layer_rate": 0.14583333333333334,
      "face_alpha_mae": 0.45950516453012824,
      "face_coverage_ratio": 1.384870762687492,
      "face_dice": 0.3512241431196631,
      "face_iou": 0.2547095284643762,
      "face_pred_coverage": 0.5002715301513673,
      "face_soft_iou": 0.2558509311485111,
      "face_target_coverage": 0.3714115905761719,
      "full_layer_rate": 0.5208333333333334,
      "hair_alpha_mae": 0.5028768731281161,
      "hair_coverage_ratio": 1.8440987159246998,
      "hair_dice": 0.23920578738917136,
      "hair_iou": 0.16071042883532805,
      "hair_pred_coverage": 0.470660400390625,
      "hair_soft_iou": 0.16214511478007215,
      "hair_target_coverage": 0.3087372589111328,
      "layer_row_count": 96,
      "macro_alpha_mae": 0.5461402223445475,
      "macro_dice": 0.35468150881844007,
      "macro_iou": 0.24612054516271345,
      "macro_precision": 0.26628128503296983,
      "macro_recall": 0.6635075178708888,
      "macro_soft_iou": 0.24690211493183475,
      "mean_pairwise_overlap_fraction": 0.371315663655599,
      "model_variant": "base_model",
      "model_variant_type": "base",
      "multi_layer_overlap_fraction": 0.8108099365234376,
      "prompt_variant": "default",
      "sample_count": 32,
      "variant_name": "base_model"
    },
    {
      "bg_alpha_mae": 0.6760295983403921,
      "bg_coverage_ratio": 3.87893197171981,
      "bg_dice": 0.4736155372784171,
      "bg_iou": 0.32294007897273813,
      "bg_pred_coverage": 0.9914443969726563,
      "bg_soft_iou": 0.3227153164415939,
      "bg_target_coverage": 0.32813285827636723,
      "checkpoint_name": "checkpoint-50",
      "composite_rgb_mae": 0.013954556954558939,
      "composite_rgb_psnr": 34.333243758897645,
      "empty_layer_rate": 0.15625,
      "face_alpha_mae": 0.4494493284728378,
      "face_coverage_ratio": 1.4284561079973042,
      "face_dice": 0.3794942862280733,
      "face_iou": 0.28001276726598695,
      "face_pred_coverage": 0.5183197021484375,
      "face_soft_iou": 0.2811095955382683,
      "face_target_coverage": 0.3714115905761719,
      "full_layer_rate": 0.53125,
      "hair_alpha_mae": 0.5020377901382744,
      "hair_coverage_ratio": 1.8580647509422923,
      "hair_dice": 0.2364853972083464,
      "hair_iou": 0.16104497225194414,
      "hair_pred_coverage": 0.47819366455078127,
      "hair_soft_iou": 0.1623896457570085,
      "hair_target_coverage": 0.3087372589111328,
      "layer_row_count": 96,
      "macro_alpha_mae": 0.5425055723171681,
      "macro_dice": 0.3631984069049456,
      "macro_iou": 0.2546659394968897,
      "macro_precision": 0.2711001393120133,
      "macro_recall": 0.6774913035851577,
      "macro_soft_iou": 0.2554048525789569,
      "mean_pairwise_overlap_fraction": 0.384507319132487,
      "model_variant": "checkpoint_50",
      "model_variant_type": "lora",
      "multi_layer_overlap_fraction": 0.8223935699462891,
      "prompt_variant": "default",
      "sample_count": 32,
      "variant_name": "checkpoint_50"
    }
  ],
  "variant_count": 2
}